[
  {
    "fileName": "adb_arm",
    "installName": "adb",
    "abis": [
      "armeabi-v7a",
      "armeabi",
      "arm64-v8a"
    ]
  },
  {
    "fileName": "adb_x86",
    "installName": "adb",
    "abis": [
      "x86_64",
      "x86"
    ]
  },
  {
    "fileName": "fastboot_arm",
    "installName": "fastboot",
    "abis": [
      "armeabi-v7a",
      "armeabi",
      "arm64-v8a"
    ]
  },
  {
    "fileName": "fastboot_x86",
    "installName": "fastboot",
    "abis": [
      "x86_64",
      "x86"
    ]
  }
]